<?xml version="1.0" encoding="UTF-8"?>
<beans xsi:schemaLocation="http://www.springframework.org/schema/beans
http://www.springframework.org/schema/beans/spring-beans-3.0.xsd
 http://www.springframework.org/schema/context 
 http://www.springframework.org/schema/context/spring-context-3.0.xsd" 
 xmlns:context="http://www.springframework.org/schema/context" xmlns:p="http://www.springframework.org/schema/p" xmlns:xsi="http://www.w3.org/2001/XMLSchema-instance" xmlns="http://www.springframework.org/schema/beans">

<context:component-scan base-package="com.ust.controller"/>


<bean class="org.springframework.web.servlet.view.InternalResourceViewResolver">

<property value="/WEB-INF/jsp/" name="prefix"/>

<property value=".jsp" name="suffix"/>

</bean>


<bean class="org.springframework.jdbc.datasource.DriverManagerDataSource" id="ds">

<property value="com.mysql.jdbc.Driver" name="driverClassName"/>

<property value="jdbc:mysql://localhost:3306/springDB" name="url"/>

<property value="root" name="username"/>

<property value="root" name="password"/>

</bean>


<bean class="org.springframework.jdbc.core.JdbcTemplate" id="jt">

<property name="dataSource" ref="ds"/>

</bean>


<bean class="com.ust.dao.StudentDao" id="dao">

<property name="template" ref="jt"/>

</bean>

</beans>